{"mtx": [[1048.4643423391067, 0.0, 674.32500854620218], [0.0, 1054.4172819175308, 459.85248307828732], [0.0, 0.0, 1.0]], "dist_coeff": [-0.39300097696872999, 0.21856362366550974, 0.0019244434874266456, -0.0018564087694559316, -0.088369492437888622], "camera_matrix": [[724.37225341796875, 0.0, 705.72114934568162], [0.0, 708.985595703125, 450.38282650930341], [0.0, 0.0, 1.0]]}
